sample,elapsed_ms,backend_pid,vm_rss_kb,rss_anon_kb,vm_size_kb
0,1,7812,8428,3040,373060
1,60,7812,8428,3040,373060
2,118,7812,8428,3040,373060
3,176,7812,8428,3040,373060
4,234,7812,8428,3040,373060
5,293,7812,8428,3040,373060
6,351,7812,8428,3040,373060
7,408,7812,8428,3040,373060
8,466,7812,8428,3040,373060
9,524,7812,8428,3040,373060
10,581,7812,8428,3040,373060
11,639,7812,8428,3040,373060
12,697,7812,8428,3040,373060
13,755,7812,8428,3040,373060
14,813,7812,8428,3040,373060
15,871,7812,8428,3040,373060
16,930,7812,13236,3892,374532
17,990,7812,16140,5736,377612
18,1049,7812,19044,7592,381712
19,1108,7812,21684,9280,381712
20,1167,7812,24588,11124,381712
21,1226,7812,27492,12976,389908
22,1285,7812,30132,14668,389908
23,1344,7812,33300,16688,389908
24,1403,7812,35940,18376,389908
25,1463,7812,38844,20236,398104
26,1522,7812,41748,22088,398104
27,1581,7812,44652,23932,398104
28,1641,7812,47556,25784,398104
29,1700,7812,50460,27632,398104
30,1759,7812,53364,29480,406300
31,1817,7812,56268,31324,406300
32,1876,7812,59172,33164,406300
33,1935,7812,62076,35012,406300
34,1993,7812,64716,36684,414496
35,2051,7812,67884,38700,414496
36,2108,7812,70524,40380,414496
37,2165,7812,73428,42224,414496
38,2223,7812,76068,43904,414496
39,2280,7812,78972,45748,422692
40,2337,7812,81612,47424,422692
41,2394,7812,84516,49268,422692
42,2452,7812,87156,50948,422692
43,2509,7812,89796,52628,430888
44,2566,7812,92436,54300,430888
45,2624,7812,42144,3524,373760
46,2682,7812,42144,3524,373760
47,2739,7812,42144,3524,373760
48,2796,7812,42144,3524,373760
49,2853,7812,42144,3524,373760
50,2911,7812,42144,3524,373760
51,2969,7812,42144,3524,373760
52,3027,7812,42144,3524,373760
53,3084,7812,42144,3524,373760
54,3142,7812,42144,3524,373760
55,3200,7812,42144,3524,373760
56,3258,7812,42144,3524,373760
57,3316,7812,42144,3524,373760
58,3374,7812,42144,3524,373760
59,3432,7812,42144,3524,373760
60,3490,7812,42144,3524,373760
61,3548,7812,42144,3524,373760
