1,1197
1,64036
1,6980
1,77064
1,22882
1,95074
1,60404
1,17166
1,27554
1,76066
2,68754
2,74563
2,87113
2,44627
2,21753
2,71652
2,69079
2,11952
2,27919
2,67386
3,42234
3,25932
3,57130
3,76617
3,51672
3,31677
3,82651
3,44725
3,23779
3,35853
4,31089
4,53124
4,49682
4,16384
4,56311
4,15775
4,66541
4,8590
4,29771
4,96851
5,85796
5,66264
5,16766
5,87010
5,9376
5,48630
5,35151
5,89499
5,46903
5,15818
6,41621
6,6584
6,79970
6,92747
6,60496
6,52297
6,19153
6,77279
6,60681
6,68901
7,18910
7,2292
7,39540
7,8190
7,97209
7,53126
7,38991
7,15410
7,85206
7,40038
8,4776
8,7983
8,66303
8,21115
8,54643
8,74710
8,53881
8,54410
8,56448
8,70444
9,55992
9,60850
9,84477
9,9295
9,42548
9,24676
9,38133
9,80999
9,56971
9,49463
10,57782
10,37834
10,37711
10,2020
10,67721
10,14402
10,17525
10,60502
10,80087
10,88056
11,86718
11,34746
11,57999
11,49475
11,89460
11,72370
11,52963
11,89363
11,19588
11,3509
12,81067
12,72249
12,13454
12,83070
12,38640
12,93229
12,30231
12,39974
12,93582
12,85766
13,63920
13,17190
13,16511
13,67234
13,61808
13,82580
13,11596
13,19313
13,3314
13,13314
14,9426
14,18412
14,32137
14,86117
14,92475
14,28400
14,35145
14,30978
14,78503
14,84465
15,22681
15,52378
15,11801
15,24507
15,65492
15,10251
15,52605
15,42405
15,89316
15,32278
16,80466
16,74143
16,46594
16,85605
16,83961
16,61759
16,69705
16,2381
16,45887
16,94066
17,87567
17,58539
17,64313
17,76220
17,84031
17,38898
17,52558
17,94073
17,39406
17,37077
18,46061
18,38037
18,12286
18,89191
18,96937
18,47747
18,89403
18,58642
18,50185
18,11324
19,26281
19,51985
19,6947
19,29620
19,72592
19,30042
19,65505
19,20749
19,89464
19,8115
20,49684
20,5111
20,79683
20,13533
20,93137
20,95950
20,64703
20,10777
20,22837
20,96545
21,17969
21,57125
21,4131
21,24020
21,79217
21,29899
21,28258
21,89886
21,37097
21,4653
22,89902
22,87336
22,346
22,77244
22,65710
22,78549
22,85569
22,64502
22,51005
22,94999
23,32152
23,5781
23,40249
23,64752
23,29645
23,70211
23,81652
23,58565
23,39485
23,37589
24,69766
24,98829
24,76392
24,8194
24,13087
24,27664
24,46754
24,63927
24,67833
24,80466
25,24652
25,55168
25,60044
25,53101
25,11309
25,33601
25,50111
25,52454
25,47020
25,8886
26,4629
26,6963
26,76756
26,2667
26,20825
26,24161
26,69493
26,88540
26,1060
26,47380
27,54255
27,53718
27,85873
27,28863
27,93604
27,6679
27,6559
27,3481
27,91661
27,72460
28,21081
28,60754
28,27379
28,66242
28,91196
28,59535
28,92444
28,60361
28,75362
28,81670
29,61441
29,19001
29,72645
29,13973
29,43085
29,64682
29,53604
29,1436
29,98205
29,60592
30,19204
30,20754
30,7071
30,60092
30,66522
30,54206
30,73127
30,80096
30,8245
30,6210
31,10526
31,79391
31,134
31,7952
31,84225
31,11208
31,36920
31,6574
31,60637
31,97658
32,63382
32,10946
32,97736
32,10213
32,8551
32,36025
32,10171
32,26970
32,29248
32,98051
33,49235
33,32522
33,41492
33,41433
33,74164
33,63353
33,82049
33,25771
33,29423
33,55254
34,40412
34,94793
34,47724
34,32663
34,46671
34,85796
34,19105
34,42775
34,56819
34,37890
35,55030
35,7524
35,41907
35,37683
35,10774
35,13677
35,63461
35,25860
35,86394
35,65841
36,95279
36,38061
36,92175
36,30170
36,59258
36,96444
36,95030
36,96541
36,98059
36,66499
37,3607
37,39803
37,21475
37,98464
37,49014
37,85922
37,65355
37,59909
37,30138
37,24507
38,25278
38,18784
38,8013
38,22837
38,75342
38,95750
38,49979
38,33625
38,23116
38,78412
39,76568
39,25592
39,76381
39,31050
39,55852
39,27202
39,3112
39,73124
39,62120
39,76610
40,46427
40,10946
40,60321
40,37884
40,60920
40,84875
40,82747
40,94186
40,44238
40,173
41,96554
41,17009
41,37295
41,32697
41,18914
41,8543
41,65267
41,2406
41,83389
41,47270
42,60482
42,74529
42,66107
42,22698
42,53579
42,65477
42,76603
42,80031
42,69557
42,96116
43,72663
43,65949
43,75884
43,71574
43,76636
43,26382
43,78844
43,24123
43,51588
43,51731
44,89957
44,74933
44,84727
44,9586
44,67075
44,70420
44,17221
44,26385
44,10994
44,29976
45,37351
45,70793
45,94270
45,60844
45,74058
45,64809
45,70399
45,51463
45,36283
45,90006
46,76371
46,79488
46,9816
46,15195
46,73535
46,20845
46,86261
46,72213
46,2077
46,73901
47,71822
47,80570
47,872
47,22639
47,80692
47,78877
47,26382
47,65430
47,20522
47,3878
48,93892
48,23627
48,5011
48,62237
48,15968
48,84839
48,21018
48,54727
48,32871
48,57838
49,59525
49,59390
49,51932
49,55104
49,48529
49,84130
49,85117
49,37528
49,52603
49,87593
50,19005
50,12098
50,3384
50,50877
50,22182
50,11376
50,18345
50,94738
50,65233
50,57666
51,3725
51,47186
51,398
51,46191
51,86504
51,50458
51,24037
51,14889
51,24422
51,77139
52,8932
52,24808
52,82065
52,92181
52,55322
52,30387
52,40527
52,29255
52,31816
52,79439
53,92219
53,48732
53,60416
53,79888
53,73578
53,65755
53,3824
53,15308
53,61454
53,53953
54,49695
54,18908
54,77091
54,52983
54,46423
54,6410
54,40980
54,97708
54,64618
54,95727
55,53109
55,42902
55,27414
55,55420
55,61877
55,96154
55,41112
55,40394
55,48247
55,79771
56,72478
56,23037
56,77508
56,74960
56,97326
56,75068
56,58092
56,59605
56,68338
56,42563
57,5665
57,65939
57,42078
57,18151
57,24423
57,35805
57,44022
57,23291
57,9709
57,42050
58,74016
58,72499
58,98697
58,52901
58,99118
58,83189
58,98474
58,53384
58,67386
58,74317
59,19419
59,65082
59,56505
59,67730
59,84709
59,1858
59,8753
59,65274
59,235
59,64314
60,24507
60,8376
60,438
60,95506
60,44364
60,73248
60,75215
60,50732
60,96674
60,9373
61,81538
61,2297
61,65921
61,93528
61,73571
61,43114
61,47214
61,92252
61,45936
61,23175
62,42003
62,32818
62,18402
62,59649
62,78309
62,15379
62,28434
62,57679
62,10604
62,45566
63,66558
63,6011
63,68298
63,73964
63,41716
63,91196
63,33931
63,37998
63,29543
63,85643
64,42741
64,3894
64,19846
64,91801
64,57141
64,4046
64,34585
64,8567
64,17469
64,75711
65,51481
65,4114
65,94548
65,96418
65,62724
65,5711
65,98022
65,62732
65,69263
65,76118
66,44575
66,85288
66,30487
66,95934
66,48491
66,49452
66,55059
66,6011
66,49850
66,98829
67,4255
67,81728
67,55449
67,79466
67,89031
67,53368
67,40604
67,5467
67,98218
67,16990
68,79928
68,13702
68,41592
68,55940
68,57639
68,67158
68,60575
68,64528
68,23387
68,48498
69,88960
69,77893
69,72347
69,18333
69,88964
69,69726
69,90468
69,94141
69,50805
69,61746
70,29081
70,61537
70,61971
70,35482
70,8684
70,44292
70,42273
70,83085
70,73042
70,76665
71,47117
71,6515
71,86069
71,52983
71,54681
71,69653
71,12727
71,71223
71,55774
71,59369
72,15321
72,76743
72,87965
72,31252
72,27647
72,85120
72,86321
72,82291
72,54154
72,17221
73,87965
73,87651
73,78063
73,56928
73,93672
73,36081
73,61699
73,40361
73,7423
73,42003
74,33331
74,80111
74,34084
74,51970
74,29917
74,93521
74,48219
74,17259
74,29871
74,15577
75,21414
75,9047
75,40684
75,41568
75,2726
75,65397
75,96852
75,38497
75,37079
75,58287
76,99928
76,51751
76,53031
76,59939
76,60614
76,21281
76,13911
76,22597
76,82674
76,86615
77,38472
77,82153
77,40053
77,52637
77,20284
77,41795
77,18050
77,95802
77,22489
77,25646
78,73708
78,88464
78,6410
78,41827
78,17993
78,41051
78,48922
78,89590
78,88415
78,82683
79,74592
79,84611
79,10230
79,75847
79,83104
79,23279
79,35315
79,91518
79,95936
79,74272
80,96481
80,85488
80,49174
80,78472
80,72402
80,93359
80,45595
80,95297
80,95345
80,48327
81,32965
81,6011
81,70551
81,62153
81,47015
81,49215
81,18717
81,37533
81,6401
81,87713
82,66953
82,98737
82,55838
82,64721
82,30345
82,81742
82,21969
82,88952
82,81091
82,27165
83,35582
83,71679
83,5675
83,14726
83,42138
83,94687
83,7065
83,46716
83,37264
83,58444
84,75238
84,65688
84,51841
84,60793
84,6702
84,27669
84,12516
84,28644
84,75407
84,97410
85,82603
85,155
85,41442
85,46392
85,58811
85,37596
85,57104
85,59789
85,99187
85,73692
86,46405
86,25919
86,41246
86,52527
86,20555
86,80677
86,98199
86,64718
86,75505
86,60663
87,26830
87,84160
87,17945
87,84365
87,12340
87,46022
87,24161
87,38956
87,36888
87,97016
88,64059
88,82133
88,29545
88,52571
88,59686
88,31723
88,51450
88,46659
88,47609
88,11548
89,22151
89,70757
89,18356
89,11973
89,24686
89,58638
89,58346
89,71781
89,60260
89,20337
90,47780
90,92656
90,92608
90,5451
90,70256
90,23704
90,47457
90,13946
90,13254
90,50728
91,9281
91,1220
91,21604
91,23046
91,57170
91,40208
91,17894
91,26436
91,26385
91,23859
92,41010
92,11898
92,79002
92,34605
92,59605
92,45306
92,34473
92,72990
92,898
92,3607
93,60322
93,11250
93,36184
93,95030
93,62453
93,30816
93,12464
93,77775
93,93167
93,23040
94,61444
94,58558
94,27709
94,42406
94,27289
94,57730
94,22470
94,19572
94,13246
94,25918
95,451
95,41621
95,52607
95,65696
95,9376
95,67104
95,84601
95,36025
95,44370
95,48309
96,15599
96,2574
96,22022
96,22197
96,63999
96,83342
96,13943
96,8521
96,74640
96,98325
97,47880
97,34106
97,44014
97,12609
97,52034
97,57819
97,55243
97,18977
97,87651
97,24507
98,11212
98,47188
98,1370
98,43114
98,74456
98,75666
98,74651
98,37828
98,23315
98,45095
99,5151
99,56497
99,78614
99,98797
99,7456
99,11547
99,28652
99,34643
99,36555
99,31542
100,58917
100,52211
100,89257
100,3306
100,7053
100,52470
100,35929
100,31543
100,90468
100,67375
101,52182
101,69737
101,77582
101,71070
101,98083
101,93357
101,63790
101,97823
101,91289
101,77779
102,4605
102,28825
102,45104
102,40103
102,24377
102,14971
102,5237
102,51185
102,88047
102,85114
103,83515
103,86840
103,83167
103,6563
103,77683
103,73585
103,17124
103,17874
103,79245
103,95214
104,53527
104,92882
104,32529
104,70523
104,41981
104,91489
104,76986
104,30132
104,97078
104,74477
105,60844
105,52436
105,87855
105,5988
105,84793
105,45935
105,37683
105,47382
105,55880
105,67784
106,60396
106,99202
106,10008
106,85411
106,71784
106,1852
106,84383
106,9228
106,56526
106,91394
107,40183
107,52159
107,43497
107,18738
107,5067
107,29079
107,38418
107,80401
107,53369
107,7866
108,25587
108,27781
108,59243
108,40134
108,20175
108,19629
108,36565
108,10836
108,47122
108,49131
109,51648
109,21487
109,15484
109,76758
109,90006
109,87438
109,78281
109,67178
109,68544
109,88779
110,42353
110,80980
110,66485
110,23440
110,24250
110,15982
110,91703
110,92861
110,10118
110,72573
111,14760
111,18949
111,27781
111,18331
111,43495
111,34343
111,14051
111,43926
111,66333
111,16346
112,71287
112,5800
112,51538
112,57244
112,5775
112,94363
112,59278
112,19860
112,92618
112,56169
113,60869
113,57234
113,72817
113,33731
113,50702
113,40040
113,61359
113,78073
113,58384
113,37303
114,16365
114,97487
114,24040
114,78942
114,9282
114,3498
114,76571
114,47234
114,40057
114,35080
115,74544
115,30487
115,61321
115,80848
115,45594
115,80573
115,95769
115,84420
115,91520
115,9840
116,25797
116,28059
116,75972
116,7242
116,54232
116,6065
116,22684
116,27714
116,39314
116,44029
117,31723
117,86400
117,69130
117,17494
117,16706
117,57220
117,52571
117,29959
117,84764
117,71438
118,59204
118,94693
118,2887
118,64147
118,64772
118,33000
118,20835
118,76353
118,98397
118,94101
119,23883
119,33376
119,9853
119,15150
119,58677
119,57791
119,65990
119,10426
119,38234
119,65921
120,16432
120,91533
120,58139
120,61786
120,10013
120,27871
120,30532
120,59385
120,5650
120,39427
121,54405
121,68161
121,61091
121,53174
121,70680
121,9275
121,3458
121,56035
121,87018
121,44824
122,26586
122,20581
122,60303
122,81361
122,60416
122,87351
122,40607
122,16212
122,98003
122,7542
123,26744
123,65827
123,64523
123,88869
123,51829
123,29340
123,33853
123,41446
123,9752
123,67234
124,4372
124,43540
124,46479
124,7660
124,98817
124,2124
124,10365
124,27592
124,98631
124,73780
125,48545
125,53102
125,75407
125,1684
125,82201
125,65435
125,25146
125,58527
125,92417
125,37606
126,81561
126,41206
126,55594
126,72147
126,96851
126,27306
126,34718
126,83590
126,38898
126,78782
127,6014
127,51495
127,11788
127,21560
127,834
127,65768
127,68624
127,51695
127,85280
127,33816
128,90205
128,32289
128,182
128,97700
128,96287
128,36838
128,38406
128,11502
128,5086
128,62859
129,86046
129,55352
129,73490
129,73959
129,2379
129,67874
129,92500
129,96234
129,10231
129,88086
130,35235
130,45108
130,27726
130,72727
130,9426
130,21820
130,21752
130,27103
130,10464
130,13783
131,23935
131,63554
131,65950
131,78996
131,92036
131,7402
131,16835
131,49957
131,67755
131,35269
132,90911
132,69499
132,55348
132,2472
132,13204
132,70644
132,23826
132,98899
132,45913
132,2973
133,68154
133,90815
133,34609
133,34478
133,2103
133,35723
133,84333
133,31705
133,87299
133,58847
134,57900
134,86840
134,350
134,6109
134,4935
134,59746
134,81828
134,96335
134,42320
134,86784
135,98377
135,58675
135,93130
135,50307
135,74456
135,10603
135,69283
135,68878
135,81636
135,52873
136,68834
136,96564
136,34861
136,68827
136,58287
136,58713
136,51587
136,70006
136,10837
136,63181
137,66173
137,83669
137,14318
137,99258
137,58941
137,3815
137,61631
137,85031
137,9534
137,92963
138,85116
138,8838
138,93781
138,62
138,61822
138,60230
138,10024
138,98395
138,58814
138,47538
139,73115
139,643
139,95306
139,44668
139,72467
139,43301
139,98494
139,38653
139,21849
139,55919
140,91104
140,22660
140,574
140,89033
140,99653
140,42990
140,42489
140,59894
140,47432
140,55430
141,82076
141,49519
141,60939
141,60026
141,67315
141,84764
141,75042
141,59209
141,74651
141,19215
142,12041
142,2627
142,28316
142,66594
142,24863
142,67710
142,84627
142,68626
142,25699
142,55059
143,32661
143,59322
143,83601
143,29066
143,6967
143,81553
143,79736
143,82464
143,92036
143,81869
144,24871
144,89018
144,26470
144,61642
144,96634
144,16033
144,62056
144,27379
144,47809
144,93602
145,49674
145,39779
145,48113
145,28687
145,96357
145,42646
145,52949
145,75238
145,45082
145,33203
146,5052
146,43561
146,41574
146,82876
146,99057
146,90203
146,90419
146,45145
146,48272
146,13528
147,80339
147,8902
147,64077
147,97456
147,53143
147,95171
147,3862
147,77635
147,29791
147,30978
148,68397
148,11297
148,57741
148,9035
148,22837
148,12644
148,73603
148,6600
148,54673
148,8326
149,9804
149,60469
149,92126
149,56104
149,54975
149,12558
149,9380
149,29296
149,47826
149,45219
150,93232
150,9639
150,74695
150,651
150,87718
150,83683
150,85796
150,46396
150,51769
150,7069
151,42655
151,73847
151,35353
151,77100
151,38917
151,38756
151,57088
151,69309
151,23373
151,75421
152,22034
152,76793
152,7454
152,43252
152,44028
152,97817
152,73233
152,17646
152,18464
152,82497
153,3143
153,18780
153,98325
153,63409
153,1868
153,41213
153,67184
153,30535
153,28275
153,74363
154,91228
154,6364
154,9206
154,87317
154,69765
154,46256
154,70069
154,99568
154,10821
154,21054
155,41621
155,75096
155,38209
155,33414
155,66800
155,64837
155,68703
155,89887
155,64073
155,25097
156,31985
156,41621
156,9738
156,33171
156,86886
156,36628
156,68541
156,73780
156,986
156,10278
157,76746
157,69053
157,5885
157,65672
157,67148
157,4135
157,1807
157,70567
157,8676
157,55529
158,79002
158,20541
158,67613
158,86870
158,9366
158,75418
158,20922
158,49468
158,59022
158,92695
159,40295
159,90473
159,61211
159,71829
159,29670
159,68487
159,61643
159,28872
159,77827
159,39327
160,7302
160,5901
160,47005
160,61359
160,18312
160,42781
160,27167
160,12343
160,92251
160,28149
161,71637
161,80639
161,51731
161,51210
161,58899
161,15464
161,32646
161,19721
161,68196
161,51432
162,39089
162,56617
162,92862
162,18908
162,88165
162,7302
162,55702
162,6549
162,78549
162,61806
163,72951
163,40334
163,76079
163,20423
163,37392
163,45380
163,23902
163,61450
163,10154
163,88246
164,19916
164,56663
164,73920
164,78534
164,90658
164,30344
164,7031
164,8294
164,20918
164,64523
165,87052
165,35604
165,45905
165,75833
165,27559
165,53520
165,51350
165,49374
165,67047
165,42870
166,36176
166,68962
166,19948
166,59586
166,45218
166,90028
166,22548
166,69668
166,12279
166,31535
167,84819
167,80311
167,44769
167,15178
167,93574
167,99104
167,10352
167,80721
167,96541
167,26795
168,52558
168,4413
168,65590
168,74761
168,26140
168,11633
168,60901
168,39777
168,67338
168,88293
169,23114
169,24593
169,86784
169,44272
169,62939
169,23165
169,21475
169,53236
169,79478
169,35674
170,32424
170,57186
170,81970
170,86328
170,30427
170,40441
170,57122
170,89577
170,75517
170,35890
171,54405
171,74083
171,63414
171,73225
171,50332
171,73318
171,54953
171,2025
171,16084
171,63131
172,46906
172,56312
172,47996
172,1954
172,81107
172,35723
172,66904
172,42310
172,58206
172,67323
173,13923
173,18224
173,12286
173,84258
173,33233
173,84049
173,21154
173,79683
173,74563
173,16491
174,18429
174,64851
174,34562
174,95792
174,56698
174,76271
174,47330
174,83318
174,66826
174,29207
175,82626
175,2072
175,96084
175,99878
175,69678
175,21021
175,80605
175,51340
175,79086
175,96234
176,30311
176,28515
176,83448
176,51013
176,27037
176,54077
176,98161
176,67721
176,61876
176,30415
177,70873
177,17756
177,85868
177,21753
177,74461
177,80690
177,76485
177,4198
177,75259
177,77985
178,41754
178,37551
178,47137
178,73657
178,51792
178,23857
178,53278
178,37321
178,49639
178,17753
179,11828
179,5106
179,32378
179,34106
179,47405
179,84099
179,52013
179,93297
179,78063
179,28292
180,77558
180,35738
180,77575
180,66437
180,16573
180,31907
180,94893
180,69593
180,74938
180,72723
181,54272
181,87365
181,30042
181,37453
181,82371
181,83142
181,35835
181,74187
181,88107
181,73224
182,13817
182,85449
182,26903
182,92467
182,26744
182,81561
182,52057
182,82928
182,70849
182,96251
183,71948
183,87171
183,60288
183,82383
183,52803
183,71345
183,34317
183,85567
183,19266
183,63785
184,88195
184,19509
184,33397
184,53275
184,64720
184,73514
184,84943
184,69188
184,88194
184,67560
185,42508
185,72614
185,31219
185,89048
185,11944
185,38986
185,58899
185,36564
185,59436
185,87899
186,27797
186,52084
186,45579
186,48103
186,84578
186,27148
186,23712
186,81828
186,34028
186,66957
187,7495
187,33101
187,3256
187,89765
187,40932
187,94831
187,94310
187,28964
187,79306
187,51828
188,93186
188,57620
188,58148
188,67234
188,76375
188,21313
188,75327
188,40477
188,13574
188,54726
189,13629
189,30905
189,19934
189,83338
189,4499
189,73265
189,70166
189,12914
189,95218
189,67938
190,74712
190,21742
190,59732
190,13922
190,60018
190,15473
190,97716
190,23903
190,20522
190,74437
191,93186
191,59120
191,68351
191,55577
191,69839
191,92010
191,18238
191,50445
191,67679
191,88200
192,57558
192,19569
192,77238
192,38631
192,30722
192,90909
192,72691
192,30668
192,19396
192,60396
193,78950
193,68575
193,57221
193,37331
193,56390
193,84389
193,96298
193,55180
193,94245
193,43775
194,91216
194,12326
194,11542
194,2483
194,19279
194,12357
194,79445
194,84532
194,84523
194,59585
195,44199
195,66832
195,39941
195,56342
195,96401
195,5623
195,55606
195,74395
195,91525
195,98571
196,78437
196,21683
196,47323
196,12098
196,85095
196,45326
196,39573
196,36925
196,91542
196,79880
197,1349
197,31723
197,98325
197,25181
197,88118
197,81845
197,97066
197,37243
197,91523
197,23306
198,12747
198,68127
198,85503
198,63645
198,64015
198,1643
198,91177
198,79683
198,21257
198,30472
199,59755
199,82295
199,18614
199,46511
199,83683
199,2503
199,38141
199,76921
199,7879
199,10526
200,64506
200,67130
200,73510
200,67460
200,23763
200,22183
200,71204
200,16994
200,64217
200,89454
